id,alpha,beta,gamma
1,2.552513413,2.691143088,3.703915544
2,1.8290618300000001,3.556457623,3.304216926
3,2.1721205599999998,2.321716782,5.039205197
4,2.259769062,2.455848095,4.32356186
5,1.985621524,2.0542143410000002,3.378643433
6,1.572934006,2.770274344,3.476611809
7,2.312995869,2.890347488,3.570078418
8,2.139712404,2.285116882,4.059311439
9,2.303981817,2.299903876,4.385614258
10,2.0718992480000002,2.344687838,4.440549972
